titulo,ano,nota
,IMDb user rating (average),9.2
,IMDb user rating (average),9.2
,IMDb user rating (average),9.2
,IMDb user rating (average),9.2
,IMDb user rating (average),9.2
,IMDb user rating (average),9.2
,IMDb user rating (average),9.2
,IMDb user rating (average),9.2
,IMDb user rating (average),9.2
,IMDb user rating (average),9.2
,IMDb user rating (average),9.2
,IMDb user rating (average),9.2
,IMDb user rating (average),9.2
,IMDb user rating (average),9.2
,IMDb user rating (average),9.2
,IMDb user rating (average),9.2
,IMDb user rating (average),9.2
,IMDb user rating (average),9.2
,IMDb user rating (average),9.2
,IMDb user rating (average),9.2
,IMDb user rating (average),9.2
,IMDb user rating (average),9.2
,IMDb user rating (average),9.2
,IMDb user rating (average),9.2
,IMDb user rating (average),9.2
,IMDb user rating (average),9.2
,IMDb user rating (average),9.2
,IMDb user rating (average),9.2
,IMDb user rating (average),9.2
,IMDb user rating (average),9.2
,IMDb user rating (average),9.2
,IMDb user rating (average),9.2
,IMDb user rating (average),9.2
,IMDb user rating (average),9.2
,IMDb user rating (average),9.2
,IMDb user rating (average),9.2
,IMDb user rating (average),9.2
,IMDb user rating (average),9.2
,IMDb user rating (average),9.2
,IMDb user rating (average),9.2
,IMDb user rating (average),9.2
,IMDb user rating (average),9.2
,IMDb user rating (average),9.2
,IMDb user rating (average),9.2
,IMDb user rating (average),9.2
,IMDb user rating (average),9.2
,IMDb user rating (average),9.2
,IMDb user rating (average),9.2
,IMDb user rating (average),9.2
,IMDb user rating (average),9.2
,IMDb user rating (average),9.2
,IMDb user rating (average),9.2
,IMDb user rating (average),9.2
,IMDb user rating (average),9.2
,IMDb user rating (average),9.2
,IMDb user rating (average),9.2
,IMDb user rating (average),9.2
,IMDb user rating (average),9.2
,IMDb user rating (average),9.2
,IMDb user rating (average),9.2
,IMDb user rating (average),9.2
,IMDb user rating (average),9.2
,IMDb user rating (average),9.2
,IMDb user rating (average),9.2
,IMDb user rating (average),9.2
,IMDb user rating (average),9.2
,IMDb user rating (average),9.2
,IMDb user rating (average),9.2
,IMDb user rating (average),9.2
,IMDb user rating (average),9.2
,IMDb user rating (average),9.2
,IMDb user rating (average),9.2
,IMDb user rating (average),9.2
,IMDb user rating (average),9.2
,IMDb user rating (average),9.2
,IMDb user rating (average),9.2
,IMDb user rating (average),9.2
,IMDb user rating (average),9.2
,IMDb user rating (average),9.2
,IMDb user rating (average),9.2
,IMDb user rating (average),9.2
,IMDb user rating (average),9.2
,IMDb user rating (average),9.2
,IMDb user rating (average),9.2
,IMDb user rating (average),9.2
,IMDb user rating (average),9.2
,IMDb user rating (average),9.2
,IMDb user rating (average),9.2
,IMDb user rating (average),9.2
,IMDb user rating (average),9.2
,IMDb user rating (average),9.2
,IMDb user rating (average),9.2
,IMDb user rating (average),9.2
,IMDb user rating (average),9.2
,IMDb user rating (average),9.2
,IMDb user rating (average),9.2
,IMDb user rating (average),9.2
,IMDb user rating (average),9.2
,IMDb user rating (average),9.2
,IMDb user rating (average),9.2
